-3.710262551960519239e+00,4.568055621028906721e+00,2.222726036421481588e+00,2.575893188744012186e+00,2.529295996957912962e+00,2.423939751297230050e+00,2.482181277425659083e+00,2.497016561531119727e+00,1.345402493468107918e+00,4.673797087744732126e-01,1.076002453972040085e+00,1.315493712440587215e+00,1.331307175284572430e+00
6.853799383278122548e+01,-7.405160764626117498e+00,8.171089399858759705e+00,-3.098776713554517448e-01,9.027710027516723912e+00,6.652326543914184320e+00,8.893453672875594407e+00,5.741248372135860478e+00,1.227851256745275538e-01,-3.489964407244213085e+00,1.119035173951358875e+00,2.911010713034674513e+00,1.206645216147736344e+00
4.075167952588609666e+01,5.520339226077433104e-01,1.002768915510169379e+01,5.285199304770046957e+00,1.182567225765241226e+01,9.590374281296844217e+00,1.015076913384843493e+01,9.564446851886835077e+00,6.247373577572313152e+00,2.860751553873047470e+00,6.502386077449931356e+00,7.515149495356349796e+00,5.002597450150210179e+00
3.961130753447479691e+01,1.040274715044910314e+00,1.031147573181131882e+01,5.790348456748831474e+00,1.125341817797287014e+01,9.221331508719872616e+00,1.001841988835690422e+01,9.268246162879803407e+00,6.146872004534919220e+00,2.878768661325167066e+00,7.038816274635107284e+00,7.807699949595120259e+00,5.499782095963698936e+00
3.296021939587242855e+01,3.456322165954470282e+00,1.006185727068663738e+01,6.387050553792369634e+00,1.157843179873697892e+01,1.005432547051826297e+01,9.942666894123190602e+00,9.139549149369980086e+00,6.622441884366342180e+00,3.899602227421286038e+00,7.064583962394618055e+00,7.774853406179949467e+00,5.899239445043784613e+00
6.980982027912183696e+01,-9.124658810804570308e+00,6.755204985609494450e+00,8.206813366895591988e-02,8.949225843025482519e+00,5.244168655671150425e+00,6.431780109714952509e+00,4.358178218074924004e+00,1.790534937579962849e+00,-2.240926863151543991e+00,3.078044679328889366e+00,4.024664191734425245e+00,1.083982895802569235e+00
3.946734533294668523e+01,1.388682829439689348e+00,1.002174076333294650e+01,5.050980025064785828e+00,1.140388447508128245e+01,9.623166774004760171e+00,9.956154608460099809e+00,9.396156791961693955e+00,6.224172570153934103e+00,2.787004236835533000e+00,7.134433319696172227e+00,8.096818744594649786e+00,5.450350679614038185e+00
7.201707749619519916e+01,-9.866251643908061197e+00,6.580570940657334056e+00,-2.018270254214602488e+00,7.681036479558930097e+00,5.098462323355227532e+00,7.444248850680013518e+00,5.667662398420416636e+00,7.397773180442646090e-01,-4.992574742264953791e+00,2.338957253594137420e+00,4.426222352740691868e+00,4.729841027600215630e-01
2.835687449826005846e+01,5.178357629356570513e+00,1.020224895090724004e+01,6.666619120699113665e+00,1.108798841217203091e+01,9.902498482876561425e+00,1.029055504782206754e+01,9.401451095411699654e+00,6.918252629581667534e+00,4.788161290988467655e+00,7.427204945110878143e+00,8.130008620283341259e+00,6.443810568079610945e+00
6.768191601896380405e+01,-4.834694238314221515e+00,6.726902334121518834e+00,-5.138401980423746851e-01,7.141461226680352326e+00,3.981330974534885048e+00,5.604067628252211719e+00,5.864740755187387578e+00,2.339591493831754132e+00,-2.192154353730036309e+00,2.119960089865140951e+00,3.991941782772006508e+00,1.747587906411107506e+00
2.598858166167709527e+01,5.850870635952889920e+00,1.006129395881063182e+01,7.276194342934229731e+00,1.092357741421718131e+01,9.814062089773141651e+00,9.785826791547609815e+00,8.963212881482542471e+00,6.776765489998482828e+00,5.153490096087828931e+00,8.042574678994359516e+00,8.117577025231737409e+00,6.526919910192813923e+00
7.000754183779437767e+01,-6.483776061858215201e+00,7.872924042068831341e+00,3.000165046451727657e-01,7.706794632634725417e+00,4.758448205821691701e+00,7.989244633920556282e+00,5.254933638708705779e+00,1.501229777036381108e-01,-3.770915013716261033e+00,3.194790396326668613e+00,4.459131358421683622e+00,5.588382004148281235e-01
8.723831830960758538e+00,5.867845606166094186e+00,6.507397089606948626e+00,5.020345211330896618e+00,6.851870442891788926e+00,6.382246130820861119e+00,6.251204405739672509e+00,5.806899123545957941e+00,4.268328325243386345e+00,3.090506875605239401e+00,4.410306346246279041e+00,4.815246317314806568e+00,3.896647739779234954e+00
3.107825589167014257e+01,3.872283582904937571e+00,9.977996183670690300e+00,6.386690056835502283e+00,1.120927236173640118e+01,9.830964177260113956e+00,9.633519392843787443e+00,8.638538658745252619e+00,6.723971072272285632e+00,4.601608603338704029e+00,7.393217356370278104e+00,7.895822845806737433e+00,5.910383197259861277e+00
2.944644615584254410e+01,6.695196303255888104e+00,1.114476961557829071e+01,6.123549982684078685e+00,7.044569239919712622e+00,6.664701031746998794e+00,7.545762835048758888e+00,6.957696199006059068e+00,5.569801187150989819e+00,4.727761253997386781e+00,5.484710718854946876e+00,5.323109869460060040e+00,4.889109761272314891e+00
2.493570777801556915e+01,1.180735884293394600e+00,7.014231456906171225e+00,4.369605216314460527e+00,8.652683840611569366e+00,9.173406672173815224e+00,9.477085538848733393e+00,9.649650526144592178e+00,9.161610792354560218e+00,6.942784174476659409e+00,6.884792828943647969e+00,7.891626360212254276e+00,7.660644868465791291e+00
3.609910305498826943e+01,6.964759775932599872e+00,1.207149342242200163e+01,5.051001300993018361e+00,6.220907596128791184e+00,6.029496115293759395e+00,7.608167635014753571e+00,6.067253003158628921e+00,4.627958244733843429e+00,4.521503328258696719e+00,5.886891472730736652e+00,5.353377962332015905e+00,4.563247215228518172e+00
2.116930097252158305e+01,7.943783478053901170e+00,1.025354660900362269e+01,7.224297654656012924e+00,8.261937449186893545e+00,6.706898814896502081e+00,6.800966440686342374e+00,5.872557457974587614e+00,5.283685855371732742e+00,4.429317967439957648e+00,4.343632322345762908e+00,4.643050489554213733e+00,5.168690381601813932e+00
3.437231614180728201e+01,9.750623386101032963e+00,1.388220730668325764e+01,9.435405205153706731e+00,1.078912042190046350e+01,8.222537505185202988e+00,8.335987869463215461e+00,7.571541930387456709e+00,7.933254399800904189e+00,6.863086945615947343e+00,6.953003528115410781e+00,6.216513856710403907e+00,5.797332884855986634e+00
3.968258559113820638e+01,1.016962197540168056e+01,1.416399161131490203e+01,8.307674353852569027e+00,9.758726919735687844e+00,8.009893773005131834e+00,8.047808899341818645e+00,6.748281636016827179e+00,7.131453762462964363e+00,6.283434927778261070e+00,6.436601466544246364e+00,5.769863845906003874e+00,5.616792540514901511e+00
3.672766954673489437e+01,-1.118433589555512597e+01,2.061726898149782272e+01,5.783856673869216536e+00,1.641286085777936554e+00,3.450297265152705517e+00,7.057254236142264325e+00,3.540339385870200584e+00,7.666430457869369830e-01,4.819124740074554936e+00,-3.124380191429056985e-01,2.898666144345042328e-01,2.931344809578378729e+00
1.478270936719139961e+01,3.467657843015061747e+00,1.485662993512863217e+01,8.564519722706460669e+00,6.625510888752578431e+00,7.510758837060652837e+00,8.949582818006964757e+00,7.812860400326552934e+00,6.507714493157847002e+00,8.878051834861709679e+00,7.085114170799566402e+00,7.258027799173503603e+00,8.159814381888875090e+00
4.627613273588338672e+01,-4.181410750837978085e+00,7.036017405035202898e+00,9.303617129290127075e-01,3.566820340689923263e+00,-1.821971816548441370e-01,5.512923989023529536e+00,3.139800061600731329e+00,3.458324639955745905e+00,5.209473570809280751e+00,3.873102111309678186e+00,3.328852993076603983e+00,3.018124349865710432e+00
6.455771923440784121e+01,3.458353847747323240e+00,1.397696862015332542e+01,1.705298597977062514e+00,5.521200666093522891e+00,2.934196468302327609e+00,5.958892984128886461e+00,3.343924613555345537e+00,2.732012296604983348e+00,1.260200116958488215e+00,9.327748793781319714e-01,1.095336057535334584e+00,1.652703065282502326e+00
5.347857970629027591e+01,4.894995468155669549e+00,1.255409317521341706e+01,2.596102783032422590e+00,5.359806603091430866e+00,5.849927406999373858e+00,8.466682692843917835e+00,5.484077010902796978e+00,3.380936883262128045e+00,3.975473533916439539e+00,6.165115745298930250e+00,3.831720506031706108e+00,3.002920425941308924e+00
3.522279028698271475e+01,9.007309695303931107e+00,1.275345777068779185e+01,5.316372386441996944e+00,7.312707583934401789e+00,6.995929694917359498e+00,8.426955708489371588e+00,6.435825716912235706e+00,5.490985521020028237e+00,5.363903457297058530e+00,6.307042479566283610e+00,5.378282381777517607e+00,4.998003381663139066e+00
5.948718090869184749e+01,1.498570407664134407e+00,1.241949195727142552e+01,3.480611857363415496e+00,7.296081722478804821e+00,3.574344986545986202e+00,3.664916056527102839e+00,7.729063307244500303e-01,1.671772690406336359e+00,5.718058257903595454e-01,1.414520085676128636e+00,7.319482203636015205e-01,6.530687249338550382e-01
3.972987542058015009e+01,9.526939783385838467e+00,1.480242294238438028e+01,8.485081261989705581e+00,1.037649009277595447e+01,7.898799287582393802e+00,7.844225847910649030e+00,6.641434651044096249e+00,6.753287661290775290e+00,6.625922739071766543e+00,6.621003902122246210e+00,5.461773719244670033e+00,5.863110859158274124e+00
5.229128988770080610e+01,7.119757827501931757e+00,1.523880915080058784e+01,8.012564769211088844e+00,1.040139774974306341e+01,6.914044570168249138e+00,7.049162494878843610e+00,5.204222298910255340e+00,5.589079792332339203e+00,4.704906916880047696e+00,5.363702805188393263e+00,4.220229024227663217e+00,4.477611863428451855e+00
3.717984921035962032e+01,8.430184782222774231e+00,1.559709049911861278e+01,9.069693314495472336e+00,1.095755024645339759e+01,8.217381189337368497e+00,8.424820516757405287e+00,7.150480859470468076e+00,7.742902781123410350e+00,6.644551242226562238e+00,6.329006148159168177e+00,5.658339546366529582e+00,6.052131924005889729e+00
5.447761074850780005e+01,1.856849818314253664e+00,1.434760119261890843e+01,3.745538720469504756e+00,8.611531102597265175e+00,4.717457348184084687e+00,5.675876466555718203e+00,3.665306167975634910e+00,4.805182824807016750e+00,3.345544675307420057e+00,4.019946417626103496e+00,3.433719400557196266e+00,3.600880281245344872e+00
4.018501056359723123e+01,3.871015985426176531e+00,1.036655982229266471e+01,3.715116464134454954e+00,8.768098280423116009e+00,5.746888462832147937e+00,4.638928890287537854e+00,4.398983647096715188e+00,6.896081854549588996e+00,4.557296472601255033e+00,4.480085150376556413e+00,4.937633063425553637e+00,4.565083339625322978e+00
2.229290519673267568e+01,1.164348783058252845e+00,8.133630614194464314e+00,5.440333315995993679e+00,8.335853193381836945e+00,4.857648348502427105e+00,4.123598167157510375e+00,3.729209084946670139e+00,5.985581612561299281e+00,4.077056371649212529e+00,3.621362074393879471e+00,4.618509946037689495e+00,4.315718327849936919e+00
1.620849464591850264e+01,8.262265023427481481e+00,2.499888247569730737e+01,-4.776738811763435066e+00,8.513818235198847617e+00,7.338656206276648497e+00,2.091989164817353419e+00,3.851420468626071791e+00,5.395558114274348505e+00,1.895629959181690971e+00,3.687189795041881712e+00,6.478868561855047892e-01,4.238639254712222026e+00
-1.089669941501324457e+00,7.716722146552397632e+00,1.781776919674891957e+01,5.491188302528012599e+00,1.131415748539296828e+01,1.116821874263573733e+01,8.784272610366443246e+00,9.989344812362869419e+00,8.952580690647971906e+00,8.336628312194315882e+00,9.082465580320585374e+00,7.111196862132512564e+00,8.958061276070907297e+00
1.752138177374624561e+01,7.445586297570222278e+00,2.408518924038036957e+01,-4.645525746213381879e+00,1.045206864793110491e+01,7.846330779845888337e+00,1.834905253334410791e+00,4.153994585904988490e+00,4.556009180779141410e+00,-5.364888342837770274e-01,4.183012876247529377e+00,4.155689773768058148e-01,2.509959993788307475e+00
2.682760711789952346e+00,1.802093545467812863e+00,1.810314051784287059e+01,5.129489170329240011e+00,1.200220506676453880e+01,9.999546194739977523e+00,7.128729889893794081e+00,7.936502884389852852e+00,9.303943488870723755e+00,6.148525301030923984e+00,8.285390873264967482e+00,7.043087204775136279e+00,7.390182089361665874e+00
4.841959907110411621e+01,-1.890225095982786030e+01,1.211460662826103096e+01,1.153714627959504035e+01,1.501737947141876006e+01,2.424897752351323099e+00,2.236480541900269792e+00,-4.637558435220919262e-01,5.276664963966938515e+00,4.409655689405431289e+00,1.330555361893111410e+00,1.005938629833143638e+00,6.732493223809019600e-01
3.944086175913756165e+01,-2.751887846751410294e+01,1.083517785485705431e+01,1.228363468754916532e+01,1.803358746998667783e+01,3.680877545839326803e+00,2.566250816895824460e+00,-2.260701848639511180e+00,5.716277858814676982e+00,3.353890252809413219e+00,5.037640831538445774e-01,3.918767754116963431e+00,2.999939472789686867e+00
1.714302162936028751e+01,-3.828743279828853208e+00,1.016242064597906669e+01,1.085723420221745350e+01,1.365414125702884718e+01,8.381293603967836958e+00,8.701627101528201180e+00,7.413657889651046773e+00,9.394064663748112665e+00,8.309996819465201412e+00,7.029626682069656241e+00,8.863625507207315124e+00,8.185439893931292232e+00
7.512787011625758282e+01,2.390840446965670107e+00,9.030571211203669790e+00,-1.612657092604393938e+00,2.350726475342071797e+00,-2.245407807727219485e+00,3.832294959781545884e-01,6.714388957463486296e-01,2.022548760192010242e+00,-1.334780122657257762e+00,-3.146126324042177735e-01,1.852245580883000731e+00,3.188485616063794659e+00
6.324100209614271506e+01,3.043938097799053999e+00,9.310051298438576595e+00,3.407919585994949152e+00,4.521687408554958765e+00,8.075334362207171601e-01,4.583946962619583232e+00,3.973929851714850248e+00,3.229918615291206940e+00,1.579515624902781079e+00,3.613105842241689736e+00,6.053880456413421207e+00,7.476736431079880063e+00
7.473148859614705941e+01,2.568107137714119137e+00,9.280390400500515113e+00,-1.521141704756408419e+00,2.860368129470926002e-01,-3.055588670447191291e+00,1.814589241436067146e+00,9.873807266160157248e-01,2.652129981135247228e-01,-1.438192566395127159e+00,-2.518272577175743598e-01,2.825134395571703427e-01,3.816961358625893030e+00
4.319124785257249499e+01,7.058823372411892727e+00,1.054069993160684859e+01,6.197250504335595878e+00,6.661194367455703258e+00,3.965379101505619452e+00,6.221486686407125433e+00,6.039699301280355037e+00,4.986587887863367818e+00,4.308549002027831420e+00,5.804171712566127184e+00,7.926011488654689074e+00,9.020828604279033769e+00
7.637543699593643964e+01,2.527268676184822205e+00,9.409030700505859102e+00,-2.095875404668070985e+00,2.185550579380728831e+00,-3.046772409834094919e+00,-1.539886383956116543e-03,1.428810526368653744e-01,-1.339072245670283878e-01,-2.904411190052402336e+00,-1.269265991141368677e-01,2.729996348335818279e+00,4.565557433176230084e+00
5.524612887849811926e+01,4.236617869334121878e+00,9.385700992230601614e+00,4.355843339115396340e+00,5.640493454745186597e+00,2.527223701494109243e+00,5.417525476602817136e+00,4.979237872633341055e+00,4.270006491904019263e+00,3.073298475568679411e+00,4.791002024900586242e+00,7.131848359092967549e+00,8.705465306135762305e+00
7.204348749849249600e+01,1.186740968207183888e+00,9.908332717231646214e+00,-1.108021154179737344e+00,1.409659057756987854e+00,-9.732273247439291453e-01,2.182757698120160850e+00,-8.939273930006362834e-01,-1.036368124876204000e+00,1.257982591844892140e+00,6.472920650900615414e+00,6.398835342085565259e+00,4.659952855727849119e+00
4.183410999785706252e+01,7.516875949472838769e+00,1.206472136723663624e+01,6.600439357516009409e+00,6.465707580120140463e+00,5.887450205983981277e+00,7.518443917192867865e+00,5.920152531221060777e+00,5.266659903024064171e+00,6.435480189537861051e+00,9.732335030467222481e+00,9.945087989246520266e+00,8.027442540450786979e+00
2.878389988101627850e+01,8.548601948376624904e+00,1.080942089402588202e+01,7.060126247336445893e+00,7.196317719567847604e+00,6.351716482398249042e+00,6.755655283203606309e+00,5.696215365440489897e+00,5.134807684287000740e+00,5.946156121579126541e+00,8.716470846819738938e+00,8.928632708435307208e+00,7.911162205768175859e+00
6.069429331487211954e+01,3.286257304870479068e+00,1.148941050314402190e+01,4.478833905596752096e+00,5.474677061494181984e+00,3.932105380290090935e+00,6.629147145485941195e+00,4.094095553958307931e+00,2.115810368126259000e+00,3.587408830841529728e+00,8.890048799742533703e+00,9.068607430536625102e+00,6.601299638606814568e+00
5.481864334878674327e+01,8.251336434183738078e+00,1.406194737995333810e+01,8.885857368160666070e+00,1.021686385542308528e+01,5.841850344638978676e+00,4.899967952329229881e+00,2.575203922453405347e+00,3.063439097914358644e+00,4.180793643626080858e+00,6.085404261641772727e+00,5.868482914028918529e+00,4.737462371726832266e+00
3.884480280449521672e+01,8.545441587305017350e+00,1.266962642263561456e+01,8.786504359741059034e+00,9.684054612143812690e+00,6.500233807641621731e+00,6.102614641943299389e+00,4.579007565203081498e+00,4.949422641919543508e+00,5.266084689761718174e+00,6.434028950164497829e+00,6.111237722514753834e+00,4.902573840874321576e+00
5.548253669305126579e+01,8.077561759212889214e+00,1.425006071693926479e+01,8.284620233652930210e+00,1.055895365096000660e+01,6.114865652331695323e+00,5.168414219573902457e+00,2.398727953963633031e+00,2.950583795830635570e+00,4.000126194648982114e+00,6.108673334320784853e+00,5.008155655947320817e+00,3.955725939832761107e+00
7.061567103260681222e+01,-2.080663697055724182e+00,9.722320216452285280e+00,6.982086839525621924e-01,5.992666156782286535e+00,4.444529789485972771e+00,5.592994420412077616e+00,2.083032600534314494e+00,7.821938092154222533e-01,8.637974193765289924e-03,3.245785041465711451e+00,2.156462510484784545e+00,1.079763255691292390e+00
4.364987880071374349e+01,2.054494499937570051e+00,1.113365888187549402e+01,5.567354524193640408e+00,9.482301741872596779e+00,8.112021699953443132e+00,9.020660985109424601e+00,7.391654438635803182e+00,4.678013782879093085e+00,4.289420074707982700e+00,6.433869699936646036e+00,5.327987596945522597e+00,4.484857313997969719e+00
4.822078517233721584e+01,5.730111265170929613e-01,1.120049705124680450e+01,4.586819215204188005e+00,8.315358326817293033e+00,7.091712693516066146e+00,8.238348443856207126e+00,6.780423868717195823e+00,3.862113584342142136e+00,3.696843858361920532e+00,5.594398604529500219e+00,4.219008201138086278e+00,3.426266777036875322e+00
4.690923767461159599e+01,5.310562000764451618e+00,1.113510887074875377e+01,2.863002765015214113e+00,6.232096846589030292e+00,7.122905494693603679e+00,8.538890106623282961e+00,5.181189476797546156e+00,3.487198714057410331e+00,4.422141842746321494e+00,5.723237861667842097e+00,3.525761122812028692e+00,3.889691999478695372e+00
3.288871706201183542e+01,-5.607183849951864474e+00,5.186718037510295254e+00,2.708526024156508338e+00,1.041754446897119202e+01,1.088263220739257164e+01,1.128748398878048675e+01,1.064628036343750495e+01,8.373954798982016001e+00,5.501624634626463006e+00,7.166055730847445737e+00,8.084507152207807579e+00,7.502211279351667095e+00
1.826483243145189306e+01,8.569740848775937447e-01,5.998232218056900322e+00,4.880462907843276632e+00,9.321631801491475855e+00,1.012136818001879845e+01,1.017892003863130590e+01,9.616049313492865735e+00,8.176887910968682505e+00,5.751627684801616347e+00,5.958350831264055181e+00,7.259479902597552936e+00,7.279846753097610090e+00
4.896657415197039143e+01,-1.336025864949245978e+01,3.218156093463542700e+00,-1.837733867703118973e+00,7.831350910194187165e+00,8.929348033773484516e+00,9.622330811849630905e+00,8.806942153219582181e+00,7.220404806838427447e+00,3.408865500716982577e+00,5.597956453355476647e+00,7.255291457344859474e+00,5.844419112718366449e+00
5.154296302569614596e+01,4.815100381686971076e+00,9.889916219391993835e+00,5.210690796304025874e+00,5.072944740924549833e+00,2.198722475487759898e+00,4.672151079581523092e+00,4.772214156645644856e+00,4.708665678575362001e+00,3.241035650676845847e+00,3.971843122791872904e+00,5.651706286924900624e+00,7.538593332706312822e+00
4.264246169517019780e+01,8.731452036826349072e+00,1.150570346380964004e+01,6.985163224063070331e+00,8.101110577363062504e+00,6.436622766781757932e+00,6.911558274208439379e+00,5.547669194873440013e+00,4.310148359911890381e+00,4.806701713758895878e+00,6.827098168754752727e+00,7.147559491533393761e+00,6.423829352843904772e+00
3.928976005902215718e+01,8.738010069536922941e+00,1.148217747846406844e+01,8.094633399099359750e+00,8.688162089021629342e+00,6.756856815674503913e+00,7.184619785480252929e+00,5.366358474803394785e+00,4.661122370114466840e+00,4.949615513814364931e+00,6.490620436747306599e+00,6.694842740141736748e+00,6.268494534333221679e+00
6.022365504018400628e+01,6.337890404389430188e+00,1.231392101919708360e+01,6.802434959413652393e+00,8.466569848148047583e+00,5.086058694549521420e+00,6.039684526586734492e+00,2.955498670466440991e+00,1.797592596696850453e+00,3.091902853282160191e+00,5.690573746394944621e+00,5.809947114084863529e+00,5.074518388048025130e+00
5.369389986914561064e+01,5.183498579913921489e+00,1.321279775666339873e+01,5.396500024339462520e+00,8.332915044273331517e+00,4.065971962676997009e+00,4.579809084345008330e+00,3.420434495374977679e+00,4.274864735402103655e+00,4.318987527386171088e+00,5.407969903631546060e+00,4.130125734312636077e+00,3.236827251644037062e+00
2.498154724715226038e+01,3.374689760881516065e+00,1.161760963328267060e+01,-1.658598039070992458e+00,4.557061009578244004e+00,8.136239480038286231e+00,8.201766247792610542e+00,5.029360911113002430e+00,7.977483037845197522e+00,4.456926878680249615e+00,6.732489650857244712e+00,5.607634292798277187e+00,5.530455203982613810e+00
1.516861749342436383e+01,6.854265605816385332e+00,1.018760728132081184e+01,1.674949059054345213e+00,5.761794604257950425e+00,8.027156343590021947e+00,8.392805980704755697e+00,7.422559088746977451e+00,8.940212242199967463e+00,6.569056606498596018e+00,7.018014090171569741e+00,6.409049185868995302e+00,6.662886275236550304e+00
2.323773326234190506e+01,5.037270792701967537e+00,1.140706336125710152e+01,-1.388836316127925130e+00,4.711112292193108786e+00,7.612939091321537788e+00,7.853488647974838699e+00,5.788983434334264544e+00,9.187026860481095625e+00,5.615282554676385374e+00,7.528252323339278185e+00,5.909371233382861632e+00,5.815778312360439628e+00
2.332565730489216449e+01,4.641248544340401239e+00,1.125534342594818504e+01,-8.937333419031830983e-01,4.622343978870195436e+00,7.622321015440599368e+00,7.789065485746475836e+00,5.438366859084506011e+00,7.867583603720242458e+00,4.357741538496105349e+00,5.846152839957616365e+00,5.107277716886329699e+00,5.772004741086673718e+00
3.557264806199958684e+01,-3.101969381245673674e+00,1.075748774231268179e+01,-9.355354284108353013e+00,5.067505243857579611e-01,5.106041464966085464e+00,6.107128268659281822e+00,2.301383848386727049e+00,6.386347528802964746e+00,1.012549858946185877e+00,3.985305244923956103e+00,2.028921607704404551e+00,2.568689241234867193e+00
3.660150535175517206e+01,-3.027275347880276968e+00,1.082045486938169887e+01,-8.988378510547455846e+00,4.717235876086327551e-01,6.064561402642896226e+00,6.254113619457903006e+00,1.916233018766240859e+00,6.950864783832240157e+00,2.203447062717497906e-01,3.793894055220963235e+00,2.168008939566126170e+00,2.457240057012211043e+00
1.571071008785637702e+01,7.216101113637049203e+00,1.080051848252220381e+01,2.021837579090849157e+00,5.878642896484683966e+00,8.412928581836322195e+00,8.412409577829103924e+00,6.806274779445030454e+00,8.378144362644732723e+00,5.855618530878021311e+00,7.465527778739486919e+00,6.604276243796589618e+00,6.332237416904308525e+00
2.097152165059092965e+01,9.306313718531486145e+00,1.396777160014741526e+01,3.625653203956133552e+00,7.625056134879063308e+00,9.854791430751985715e+00,1.067624327785554428e+01,8.663231525034959191e+00,1.003837084896596821e+01,7.361822083447373544e+00,7.957443389265424827e+00,7.405487847802985080e+00,7.747409751759402496e+00
2.667204140706861892e+01,7.095561279784265984e+00,1.478165818203620319e+01,1.336473502714498496e+00,7.485610301749900941e+00,1.061359495973018241e+01,1.077336807976613819e+01,7.815430954582316403e+00,1.071417954612746826e+01,6.603547835407549194e+00,8.497427848675727091e+00,6.937577740260195469e+00,7.197018554991501560e+00
1.365858065056476711e+01,1.086085776435874273e+01,1.188773849422491224e+01,5.619773750656653633e+00,8.618422709888019284e+00,1.046641799221552560e+01,1.074395403439710606e+01,9.155568096226939900e+00,1.028413155625201547e+01,8.059811925481444206e+00,8.717975465769155718e+00,7.725271371100867590e+00,7.412156708734738864e+00
1.608842119914650581e+01,1.002066804519561494e+01,1.319272978390056750e+01,5.513821121236960998e+00,8.924789556022053816e+00,1.097282104134145975e+01,1.128272251878537702e+01,9.288585044132172897e+00,1.037544613609543553e+01,7.725476529833509076e+00,8.715404953799971821e+00,8.038075885966767586e+00,7.776661608077423793e+00
3.479481307064005335e+01,1.657212590572807676e+00,1.308625300794665591e+01,-4.109629333172740040e+00,4.759901634504172030e+00,8.354056749294027640e+00,8.595770985026359057e+00,4.419903509671582853e+00,8.549876691248670113e+00,2.579481125114877482e+00,5.554047126911446419e+00,3.972337667677804163e+00,4.779753430974547967e+00
3.513257375475176048e+01,1.973178172881922654e+00,1.337644011964000867e+01,-4.186033473773362878e+00,3.019347017570233493e+00,7.104508506200493123e+00,8.337324767481485210e+00,4.616296586637170130e+00,8.753016641917263030e+00,3.046437510190113329e+00,5.500488392109418534e+00,3.668796842344830278e+00,4.047545719574007883e+00
2.383049064626452207e+01,7.549435803689782176e+00,1.376365236802309333e+01,2.052167151712098292e+00,7.227969643221730855e+00,9.933356064347993453e+00,1.036951355136912412e+01,7.891122044542395741e+00,9.966260167005538406e+00,6.314457801321231578e+00,8.024716070104398469e+00,6.669587619886091723e+00,6.079327722966159975e+00
2.973459905024529348e+01,6.626871534659791507e+00,1.487840876260522016e+01,7.399666509238183032e-01,7.331864288341108704e+00,1.031658388213752708e+01,1.071603027678552067e+01,7.291751539046107844e+00,1.056287443386069036e+01,5.753146835619835642e+00,8.246308254786031355e+00,6.832068563702367037e+00,6.682769830568943803e+00
3.097090729752606109e+01,6.730930843742764402e+00,1.492768205172706431e+01,4.842794519332190850e-01,7.339993964392164116e+00,1.121965646591009502e+01,1.054770918375290556e+01,7.361416253980292979e+00,1.007135196309398850e+01,4.776738477698543761e+00,7.189151056665679107e+00,5.618666404931709657e+00,5.951134976952429767e+00
1.903653023522862853e+01,1.006729951860405770e+01,1.381273702501822420e+01,5.270845618456370119e+00,8.663074298326357336e+00,1.003059350367179015e+01,1.037763864208293363e+01,8.689565363168464174e+00,1.012627968614916796e+01,8.022068963744450443e+00,8.572161213402871738e+00,7.487809856942150510e+00,7.401183740777137032e+00
2.411894731395316072e+01,3.615809628901982098e+00,1.048209755776704633e+01,7.675372119309334273e+00,7.102857193057430685e+00,7.728221681039561197e+00,7.013556563649065545e+00,5.771797180588515097e+00,7.018364826522438094e+00,5.346825959636728243e+00,6.139203131990440987e+00,4.515545010438423823e+00,5.051218485505033939e+00
2.940939253241241502e+01,1.185282355275023214e+01,1.479086333100730322e+01,1.021390794034556571e+01,1.142350175857788663e+01,8.858721977936999892e+00,7.779768325071447777e+00,6.001823650803944865e+00,6.575330433389886764e+00,7.295311662836684974e+00,8.096139433906602179e+00,7.287926465424527045e+00,6.543949577676244189e+00
4.497497415310865421e+01,1.082222446800611060e+01,1.601216210284793817e+01,1.032784952088654684e+01,1.081654811554887274e+01,7.555303204551999663e+00,6.596201787815012985e+00,4.810317777962562324e+00,6.175023895130386187e+00,6.660268721283424398e+00,7.496647022381988101e+00,5.438179057077947576e+00,4.711021086599216368e+00
4.071665294485978848e+01,9.448442986100316077e+00,1.426299526175727728e+01,1.055975926816843469e+01,1.084796984850614798e+01,7.483430041768142083e+00,6.537053946578361696e+00,4.661802296478161800e+00,5.821630780858032317e+00,7.090323079999893530e+00,8.495777625808978328e+00,7.160883768132270788e+00,5.313566212999719873e+00
3.683933149708394694e+01,4.415926484012557829e+00,1.524841312242606151e+01,6.493037185634576325e+00,7.145642283252477966e+00,5.917132940429826959e+00,9.153172040994576264e+00,5.464129746519532205e+00,5.630183308980398316e+00,6.933027310411844724e+00,5.934906875763252820e+00,7.246909856695975982e+00,7.362586041749672461e+00
3.067506112608109348e+01,4.507507105924561941e+00,1.352792714229428483e+01,7.621896201180702768e+00,8.347864646671661504e+00,6.183698209400511736e+00,9.431610476344772565e+00,6.642319137611519153e+00,5.806952169107955974e+00,6.529901668730605735e+00,5.940282751508763504e+00,6.608248571210915578e+00,6.502122124318350238e+00
3.068950762742868221e+01,3.342095157195604127e+00,9.838121597789649897e+00,7.646784161506526623e+00,8.444420006007007373e+00,5.960706548339701705e+00,9.195718039344200179e+00,5.427888274668594804e+00,6.778770717108970167e+00,6.043857841109421258e+00,5.285986681589855962e+00,5.512627248225088650e+00,5.178481048235916262e+00
2.971401069705531128e+01,1.354372114736102084e+01,1.518025208298130302e+01,1.191708734104483369e+01,1.191994373313657896e+01,1.034404963785296339e+01,1.013474798458555526e+01,9.243340526329010487e+00,9.009523562026387822e+00,8.256650277172566277e+00,7.696359723527232966e+00,7.315028524887397410e+00,6.838153445047796097e+00
3.580300142462001389e+01,1.402280050611826212e+01,1.354590877864293930e+01,9.930742145964979173e+00,1.058314288977033790e+01,9.631799179073075479e+00,9.548722721219384368e+00,8.012386651507188873e+00,8.389226411694872709e+00,7.761267545972140525e+00,7.571337628459668068e+00,6.650755202966442070e+00,6.684652127361947471e+00
1.696408480589175127e+01,1.616349435441101434e+01,1.565037766903719252e+01,1.316949473201510834e+01,1.322981497175799959e+01,1.157523019005718368e+01,1.152772660533859650e+01,1.005282022550589183e+01,9.553326856246325605e+00,9.005442386462686244e+00,8.067354287632852561e+00,7.438023406737521270e+00,7.725403318770886152e+00
1.075108682389532078e+01,1.355964211289247245e+01,1.396640995913618433e+01,1.202387298047433717e+01,1.173403300639646396e+01,9.969321067008555914e+00,9.803642776724572627e+00,8.876454458410998782e+00,8.633433115396957902e+00,7.863385434936403406e+00,7.971506481233473274e+00,7.479098343960942863e+00,7.204275570279066621e+00
3.813132174717011935e+01,7.130469459754723793e+00,1.154849899370217869e+01,5.339527718642040455e+00,1.008249198988682949e+01,8.188630557976487978e+00,7.423732307319228951e+00,5.179410409823821837e+00,7.054234749490248646e+00,6.704654132866171956e+00,5.551764935720505001e+00,4.915773356356387680e+00,5.587111075770241797e+00
2.379844085668490195e+01,5.424141156608198067e+00,6.370995566047526815e+00,9.091602413544897843e+00,1.461982776553162999e+01,7.022964621875861901e+00,1.036315210563939715e+01,7.535268787038263305e+00,9.936144644489164790e+00,7.380076766297670510e+00,7.896943865397535234e+00,5.952056196999639504e+00,6.582720204729459290e+00
1.387549113667102318e+01,9.410458875980959093e+00,9.780897543975047626e+00,1.075622960590938781e+01,1.417003230954107806e+01,9.407379555344132172e+00,1.059092943286855970e+01,8.765977519343808311e+00,9.602698851237999378e+00,8.587932980530352367e+00,9.076874604263853286e+00,7.948877214620608811e+00,7.729209665080302827e+00
1.649711714254753048e+01,3.674475101139741184e+00,1.012640326397692903e+01,6.287254210795232723e+00,1.130164645987595762e+01,9.236831377559013845e+00,1.021424824977612644e+01,6.719139149702738401e+00,6.303061654899514643e+00,5.922979168221069735e+00,8.307641232066652393e+00,8.148351762346823790e+00,6.818234650619579895e+00
8.022882069195189203e+00,1.132959586445876532e+01,1.448722183807677233e+01,9.367546516657942135e+00,1.305073162699571299e+01,1.005904284751419731e+01,1.009265926782138045e+01,9.911469184813075373e+00,8.996712335466632737e+00,8.934968587469997559e+00,7.466706250248742904e+00,8.105995327782693494e+00,7.508324996917368210e+00
2.414028245377433279e+01,1.534095866127595542e+01,7.615722153955149842e+00,1.568595054265805011e+01,8.858760390266329665e+00,1.159941112383026152e+01,7.560480698426681911e+00,1.015655068295155949e+01,6.889106534673621773e+00,9.063307376086481071e+00,6.451228799845313944e+00,8.436872170679462712e+00,5.777305942917370984e+00
3.099902397446871305e+01,5.217355666277123660e+00,1.864372007119188623e+01,1.370826438112298895e+01,1.076277592699006647e+01,7.745918901726402517e+00,8.877420602205839728e+00,8.625756661081872778e+00,5.718263244311072135e+00,4.202703958292581810e+00,8.346214416472209408e+00,4.303098728239612036e+00,5.682684955591570386e+00
3.146455893492269595e+01,5.205855540440259333e+00,1.799734710436811724e+01,1.287384637596985115e+01,9.806549559804714988e+00,6.929416534136811023e+00,8.516125349740610417e+00,8.237305682324272738e+00,5.333909015289695965e+00,2.803964814019799690e+00,7.638219859901752784e+00,4.289557896700490147e+00,5.018098569653558272e+00
2.502532897538603152e+01,9.189103253539188998e+00,1.175672974075440536e+01,8.569954034770489670e+00,1.009378124189807480e+01,6.473841508335394401e+00,6.910215494333847630e+00,6.650266424759495365e+00,5.692943782150572396e+00,5.373588079602454215e+00,5.994448902560073122e+00,4.343333324213667801e+00,4.695404405580714702e+00
4.674151664445691523e+01,2.177948368241642008e-01,9.469713088547141666e+00,4.353135874128542859e+00,8.865961381410114583e+00,2.409833746042961522e+00,4.858625085152309175e+00,4.835336885238181281e+00,2.540661779931486564e+00,2.490527428942012733e+00,4.944545408015566856e+00,1.895054889175282753e+00,3.106055135871113926e+00
3.301744082336136898e+01,5.171239912820975171e+00,1.108252708809042275e+01,7.316562156820756613e+00,9.987557846022415475e+00,5.340983264677768183e+00,7.028327774281504681e+00,6.681174949952333186e+00,4.690465507198988249e+00,4.411433135597328636e+00,5.305182934441966758e+00,3.723455821585243797e+00,4.336804810894251183e+00
3.160801101423437132e+01,9.602120816703790140e+00,1.104951452333820860e+01,1.067535043427435681e+01,1.189992845279843259e+01,6.842410736034382879e+00,8.002800580990715673e+00,8.554571128516082368e+00,5.712313750894612241e+00,5.781637767694052243e+00,6.466981890591760873e+00,4.612609183499413845e+00,6.199007634519110077e+00
4.445365482037084348e+01,1.203328869532581535e+01,1.824105522608379815e+01,1.101396755641881775e+01,1.067771883123417531e+01,5.993426228036482506e+00,5.856440044646422649e+00,6.285380747939105284e+00,8.347971354100115704e+00,8.469783148348341228e+00,6.309309526340337371e+00,4.201764012304290752e+00,4.641147392410506889e+00
7.075170137210990617e+01,9.466410436030809450e+00,1.973983720770472772e+01,8.375260589420030044e+00,7.226438752435264234e+00,1.192292091817557687e+00,1.368815047366541027e+00,3.252353150476320565e+00,7.990829802784831237e+00,7.380860051446796355e+00,2.724850236749863708e+00,5.184066648214358947e-02,2.745338720537828792e+00
2.331090050475214071e+01,1.184918314443853760e+01,1.350288587633079551e+01,9.781978267079338707e+00,9.743828545524293006e+00,7.029447979037166228e+00,6.094139513749305515e+00,6.275661143072315262e+00,7.353091795989748825e+00,6.607575478442991646e+00,5.338123997404490950e+00,3.969392714693535495e+00,4.452125232455732551e+00
2.550075770528271590e+01,-7.780176678049128824e+00,5.403518946284942892e+00,9.596917631545022198e-01,7.476134094964391963e+00,4.923800017342911950e+00,9.697989779283760825e+00,5.055894317294131746e+00,3.764073915199836584e+00,6.992620257115497173e-01,4.153825076314223708e+00,6.009384570887441157e+00,5.743816181665152065e+00
1.553969196227249583e+01,5.157577933659075242e+00,9.648258108507437925e+00,6.825691840538490318e+00,1.017390882306467326e+01,8.535199481286465328e+00,1.049249981071426774e+01,7.327648391163320341e+00,6.329707719180591496e+00,4.597250777929497545e+00,6.455133250558110269e+00,7.300738476134327470e+00,6.952738148594178824e+00
8.680549237600633461e+00,1.139406326796869884e+01,6.431454671718821459e+00,8.323753812557512788e+00,9.615078073081768650e+00,6.015633941756912684e+00,8.224961620311479038e+00,5.512527328904137214e+00,8.163927939556240077e+00,3.828432195665687043e+00,7.517463059282002646e+00,3.493203864500011413e+00,8.148847566943947740e+00
5.980189356064148143e+00,1.792822127937226639e+01,1.206544523700410920e+01,1.307466112227618815e+01,1.291316802393531127e+01,1.088208080318556270e+01,1.175434308036773423e+01,9.657442937316984555e+00,1.068079610964306880e+01,8.018134897039187692e+00,9.745060434014980899e+00,7.452136578127798394e+00,9.179847417701637369e+00
8.020005690879790095e+00,1.607160663631661990e+01,9.906933707707901604e+00,1.393224303164722322e+01,1.193901918845763177e+01,1.064769756154211144e+01,1.255779338516959243e+01,8.433434697963846816e+00,1.169467397277251663e+01,7.495983815458091115e+00,1.020178111325604675e+01,6.290263362541708148e+00,8.913877495759573222e+00
2.739506184642553777e+01,2.646064566596697976e+00,9.893810906814868744e+00,7.882350273520438044e+00,1.280202835928201388e+01,1.292040890006496490e+01,1.230806557484781649e+01,1.135694245219688980e+01,9.246577144482584387e+00,6.958153199866143446e+00,8.566131740778432757e+00,9.099024455592848781e+00,7.263891915405506161e+00
4.107646348490882104e+01,8.234383131036159043e+00,1.370570347889167628e+01,7.860846547739922308e+00,8.430800254383978398e+00,9.114919426745537123e+00,9.049639130390113806e+00,7.485398120128033739e+00,4.979605799635687724e+00,5.331383918639501118e+00,6.451126621519953197e+00,4.935016999120817260e+00,4.140822049336026822e+00
7.301597135876908951e+00,1.713158321794929506e+01,1.194888550701847763e+01,1.414031967097365339e+01,1.139100052712969458e+01,1.242225772765200809e+01,1.039544015560849033e+01,1.096584871514032500e+01,8.601483308882979628e+00,9.338693088108701801e+00,8.211757553486904726e+00,8.920736066772770201e+00,7.520756182377145826e+00
1.163233847068359239e+01,1.500045347198019030e+01,1.239271932378973595e+01,1.478810624559138098e+01,1.087832451937663336e+01,1.263992165795305311e+01,9.421198800389300132e+00,1.144688776617313941e+01,9.315508315746745538e+00,1.063659134260813488e+01,7.854002987512433975e+00,9.503413004705748790e+00,7.429114339162339320e+00
1.490597824933319515e+01,2.978409596283161598e+00,1.528154836582503684e+01,1.507636457281295428e+01,1.319150534322014146e+01,8.262729632827507942e+00,9.727716536143605097e+00,1.103975525719879869e+01,1.254360538098646138e+01,7.446602781269235471e+00,6.745559537214079526e+00,9.254546382075917066e+00,7.378091913670570712e+00
2.276777373414183359e+01,7.766370554294486084e+00,1.201240327180927814e+01,8.057087251696529506e+00,9.738806062848706091e+00,6.368937306351646122e+00,6.112211047879219095e+00,6.698644149961328509e+00,6.671890643484752914e+00,4.821430006162751525e+00,5.530569015355681017e+00,4.818122580922078235e+00,4.392628297158210238e+00
2.917716539981329404e+01,2.323033889822192677e+01,1.985454182640852849e+01,1.645323477043992355e+01,1.436079201934503757e+01,1.338192852559826740e+01,1.284760400641900446e+01,1.145326719858070774e+01,1.096664264987602699e+01,9.646521233387035821e+00,8.703134105466201476e+00,7.762267401695380542e+00,7.573076292894739048e+00
2.981593473832377228e+01,2.241624115919080751e+01,1.815197614665962433e+01,1.618137389253159242e+01,1.383024019757899659e+01,1.129085751519922631e+01,1.174107978139399577e+01,1.124523273279326219e+01,9.553704595073027050e+00,8.744406639591330688e+00,7.928593847692620322e+00,7.407438947398228279e+00,7.102133078750673789e+00
1.383146549114693080e+01,1.706366237205348568e+01,1.405586947533070230e+01,1.262594655092226681e+01,1.228041761841990187e+01,1.104587002586495359e+01,9.799948811626915557e+00,8.468646408059004926e+00,7.707035329102571275e+00,7.083656750352242959e+00,6.746970377729187618e+00,6.322468602767206569e+00,5.920770106601599636e+00
6.696465816206784893e+01,1.659276844207081991e+00,1.309108476447608282e+01,6.625639248383952129e+00,1.047772934338000539e+01,5.163119494198018522e+00,6.923477033544140902e+00,3.788339941843946512e+00,2.824467537541736739e+00,2.065328334546533640e+00,1.546238500576640806e+00,-6.332669530960656212e-01,1.416431212040814458e+00
4.613437755070448532e+01,1.584571506139093877e+01,1.844252444573689687e+01,1.441451940575520929e+01,1.524673044520479337e+01,1.203003247254113717e+01,1.200128378664034834e+01,1.047540248578367361e+01,8.658251366045835340e+00,7.058970696764072628e+00,5.693550030350384539e+00,4.627140056197418971e+00,5.464670205291834115e+00
2.808079940647604289e+01,1.443710695579671466e+01,1.527416776360078288e+01,1.337449506402455768e+01,1.323616656909357303e+01,1.138418588537666132e+01,1.048850571700888601e+01,9.422479498962863076e+00,8.626205722416997901e+00,7.521299737550337206e+00,6.903512804769621702e+00,6.020434165951005667e+00,5.786767493479905156e+00
3.303584358117007014e+01,1.521327672232123085e+01,1.639903923996712365e+01,1.275013497074468738e+01,1.325166257736945319e+01,1.215038455811315998e+01,1.138190141622279405e+01,9.779111311915279714e+00,9.061339487732249509e+00,7.210959002275100893e+00,6.393215240313204539e+00,5.741963149655331833e+00,5.720932980092793052e+00
8.627902140296868083e+00,7.223013192106825464e+00,1.056013005401189275e+01,1.143224596805814919e+01,1.155839660170272332e+01,9.545913078181508027e+00,9.737242050770902324e+00,8.575734826162847213e+00,8.582051781199579565e+00,7.391519309623097556e+00,7.270358530920785434e+00,6.567466875702323570e+00,6.062896780131283414e+00
1.372931470775295004e+01,1.816371917211468512e+00,9.577766287801663836e+00,8.142445867412414273e+00,1.201302911632050652e+01,1.047057167703241021e+01,9.654825634389098354e+00,5.823121123976314983e+00,5.025399015711633055e+00,6.227213850434766940e+00,8.873271101556619911e+00,6.973747250410825771e+00,4.211667789595599842e+00
9.183907741644762979e+00,5.477938220535839342e+00,1.032941848808899721e+01,8.629818326963977881e+00,1.001863165890512342e+01,8.677213975159659753e+00,8.590221416398643228e+00,6.109918792656623410e+00,5.712376629068606881e+00,6.014785529504009354e+00,7.331961650273639108e+00,6.539556719199664414e+00,4.674883863376080306e+00
3.569955067977856089e+01,1.377590721204150981e+01,1.684709509554732776e+01,1.122788032093096078e+01,1.063259331251493478e+01,7.369776313195873563e+00,7.758196303630161772e+00,8.137776720367423167e+00,9.371797315503513914e+00,7.527729325932511095e+00,5.381834323130068043e+00,4.812194558466934780e+00,6.216233359868369668e+00
2.933034399652393986e+01,1.139666636956931534e+01,1.388220751028775446e+01,1.019441001148081760e+01,9.082545186144360017e+00,7.525405591005005057e+00,7.152920164337455589e+00,7.332290634242709437e+00,8.335941059228307637e+00,7.301338422636969305e+00,6.088266857312243374e+00,4.023520488410280649e+00,4.521596952741171904e+00
3.076868304894224337e+01,1.012171094054332343e+01,1.414215261507625598e+01,9.155238118014725757e+00,1.009787463652283179e+01,9.900739613529976779e+00,9.638672902562245071e+00,9.327208563383852180e+00,1.040864180682828888e+01,1.076794169547649815e+01,8.588637843370488412e+00,5.457494774676166394e+00,5.743632918459366188e+00
6.017895443489078566e+00,1.267506347081168805e+01,1.788053669270247070e+01,7.939673751298144566e+00,1.383550593386864946e+01,1.236475485371056493e+01,9.619371640781974264e+00,1.116141993554236045e+01,9.180067378302187109e+00,8.588596548891292315e+00,8.518131747017404720e+00,6.545056332499457952e+00,8.371722575660529131e+00
1.646953439730819824e+01,8.985243420994692087e+00,9.840956788371569175e+00,4.239424365270837214e+00,1.101835597194500771e+01,1.119428619679692538e+01,8.243861527195742056e+00,8.331549216045338824e+00,6.912222175789876744e+00,6.904813355022850985e+00,7.259008576050731243e+00,6.174950840676097563e+00,6.713483980881360225e+00
3.214953810475477525e+01,1.214695255402855523e+01,1.546907646558215177e+01,1.127177308921182153e+01,9.999628688348504824e+00,7.554660685197323033e+00,7.124711471925467166e+00,7.030466390325684323e+00,8.791258091007959408e+00,8.382069006506188913e+00,6.861884875766377512e+00,4.430252015320031767e+00,4.733536445700742057e+00
5.661954086018147336e+01,6.204624820524639262e+00,1.424512849200476161e+01,7.259277312688140249e+00,8.143834520400449861e+00,7.895813941972959604e+00,7.992655484586911108e+00,5.910767353715153938e+00,8.270129383149578572e+00,1.155723897826733904e+01,1.089355740755595292e+01,5.832513773507750798e+00,4.745934705070717463e+00
3.600664868508505378e+01,1.082470367375629117e+01,1.344462920735482747e+01,9.076495807551886230e+00,9.347177065375852578e+00,9.145844093931042806e+00,9.058111593737296019e+00,7.563172001774546516e+00,8.371787295767077808e+00,1.050255703108198446e+01,9.349591256147428808e+00,5.910051164921899414e+00,5.326657281468391680e+00
4.774650169066153893e+01,8.451212759551488318e+00,1.417348945895655987e+01,8.101545341037825310e+00,8.390629872683490476e+00,8.844678160383260490e+00,8.869152553129973526e+00,6.977563922274618413e+00,8.500991219765406726e+00,1.156013938433723354e+01,1.044662872787429642e+01,6.578904250897729789e+00,5.836875551577727528e+00
6.890692484801947160e+01,2.270136240544092132e+00,1.258962014614528968e+01,4.632376496056370918e+00,6.324915614324075008e+00,6.059008397304690874e+00,6.608471539646346926e+00,4.697652572896107159e+00,7.852555023114091703e+00,1.145286995998981006e+01,1.035950100510005356e+01,5.266034258382386035e+00,4.265035743609133512e+00
8.993702167772021028e+01,-8.248366497005985565e+00,9.702947800923514166e+00,-2.460470485400473084e+00,1.122487518421197317e+00,4.760339248033331194e-01,1.572421119892659647e+00,-8.854124070098714494e-01,3.711929576762165617e+00,9.293648474928982495e+00,9.355828981018623480e+00,1.200205698762331963e+00,3.969073542910477870e-01
8.325660032457129489e+01,-2.744485631111533763e+00,1.096761873837741952e+01,2.367722499913178513e-01,2.253280591432219371e+00,3.184344767465595805e+00,4.150896196803826044e+00,1.166837835796121770e+00,5.476533244550783053e+00,1.097870609796650854e+01,1.036161658084068193e+01,2.170862481613884842e+00,5.817941329645576198e-01
4.218375964058509453e+01,8.025863490186404547e+00,1.395666018183357870e+01,8.408412963745602653e+00,8.812168739943057716e+00,8.436833550327477838e+00,8.255670425116184319e+00,6.824228882180707778e+00,7.896245222989963786e+00,1.078896102387246891e+01,9.847985751410879729e+00,6.296613674838709152e+00,5.262259431975102153e+00
6.741653052747756192e+01,7.592329307589359644e+00,2.031486869766938241e+01,9.052876974326727222e+00,7.306981825557357979e+00,2.145185077803185791e+00,1.489252516377518099e+00,2.310268822361206009e+00,6.931128548163575154e+00,8.073925884268382092e+00,5.219222906492397840e+00,1.307993084255907767e+00,2.044199150673756016e+00
7.148832614684066300e+01,5.719673110822432349e+00,2.073497211219518732e+01,8.518561986591711488e+00,6.565160218669315206e+00,4.005895743959106969e-01,8.040661665321527374e-02,9.711985519068757622e-01,7.405416232378008168e+00,8.067369902855583419e+00,3.735995200590208842e+00,-5.084037348700969350e-01,1.477271199063512563e+00
2.736907843184602385e+01,1.233369016408728847e+01,1.586332812187200147e+01,1.118072331693305443e+01,1.017185990600060386e+01,7.930921035503979866e+00,6.962668721104781078e+00,6.625230063863726926e+00,8.286363588054953766e+00,8.284377655628208714e+00,6.634406117146873783e+00,4.487508589772372325e+00,4.506682043408277494e+00
2.598005787277429590e+01,2.383983310228001429e+01,2.276998443922982673e+01,1.880008046244715203e+01,1.730603334446417563e+01,1.424381586160501811e+01,1.290209328258769972e+01,1.185482284621183346e+01,1.164257946055897008e+01,9.944705441456076045e+00,9.339784560414889469e+00,8.823636065816444329e+00,8.119143597148280378e+00
1.875207035208442363e+01,2.302896336637245867e+01,1.948892302690172329e+01,1.731659884750225586e+01,1.643245089335943021e+01,1.440065980576061833e+01,1.299755029918802585e+01,1.208096776393462335e+01,1.053969499400315257e+01,9.683986520766852735e+00,9.268966091858052536e+00,9.311389202460805592e+00,8.626971982811125983e+00
1.739699039408837322e+01,2.169627251389157152e+01,1.962698381046013196e+01,1.691715244695014775e+01,1.573716303048333742e+01,1.410539437850404632e+01,1.252919453179008968e+01,1.116133634773966499e+01,1.082521712258417246e+01,1.037910613259214365e+01,9.346408276801163595e+00,8.466927323871816569e+00,8.235960833216969590e+00
1.886479746340198105e+01,2.135172350923606288e+01,1.907452393135291047e+01,1.696664691200408015e+01,1.520326195254429891e+01,1.382765433788565623e+01,1.313400722168756829e+01,1.162792257041423305e+01,1.055041583676105788e+01,9.728453011043654897e+00,9.563766626686838634e+00,8.731305013083023425e+00,8.077384646955264813e+00
1.470181338476187172e+01,2.053536169490828911e+01,1.830998248927000560e+01,1.650447510060196876e+01,1.559790773192262137e+01,1.332328118299951036e+01,1.184075718327660276e+01,1.091649853621088262e+01,1.044578240308529082e+01,9.361709112772166108e+00,8.711897329737114504e+00,8.617262671154893638e+00,8.084299475072125318e+00
2.123970598756603323e+01,2.023334545734518741e+01,1.862540884220876691e+01,1.719583620034338267e+01,1.537068356862000762e+01,1.343624722158623541e+01,1.213299344673829694e+01,1.148529811026313752e+01,1.072319883384398054e+01,9.385303460424994526e+00,8.935976404567588460e+00,8.712737205956534225e+00,8.062753584437505339e+00
1.450120282066579236e+01,-1.416696773454945157e+00,1.664747789026946023e+01,1.701263573939587204e+01,1.368884426136151333e+01,9.115907666398507914e+00,1.084796499214131771e+01,1.163012919643342968e+01,1.111016738235550605e+01,6.810752439472489428e+00,9.046695098813488656e+00,7.900589856155296076e+00,7.740926978056285712e+00
9.335207228887359321e+00,6.045276871548915132e+00,1.587769106799585117e+01,1.517231268014573509e+01,1.259990786526164719e+01,9.549934963736458116e+00,1.042474923415116628e+01,1.075740766625389888e+01,1.028139985411646862e+01,7.469452722750380858e+00,8.757361565728460917e+00,7.861666288335605657e+00,7.164019416725213141e+00
1.456794634436900715e+01,-1.299316231887533757e+00,1.746116451183828389e+01,1.712119636885118013e+01,1.326620817353092896e+01,8.541885435193892206e+00,1.076074948222285066e+01,1.116722152242896371e+01,1.130482446733960167e+01,7.455833315174539067e+00,1.004266456017342612e+01,8.202785742936676172e+00,7.797922156994078868e+00
9.804030183382906216e+00,6.548366827941308088e+00,1.520967415334333239e+01,1.470990292925837473e+01,1.380579724954148979e+01,9.689625990431320446e+00,1.079490312057077972e+01,1.070104393273452459e+01,1.099395534172061240e+01,7.640777982262956236e+00,8.843259617992810462e+00,8.361636410286688914e+00,7.526298251869829592e+00
5.274187670068744893e+00,1.789186256913016848e+01,1.235489902039435250e+01,1.163427675632611447e+01,1.566296945689999198e+01,8.090015531209498789e+00,1.454679173120397806e+01,8.018826038676428070e+00,1.192723511664881819e+01,8.020463619310305603e+00,9.201842908346579364e+00,8.275245674574096100e+00,8.147909892191204762e+00
5.817043534652947656e+00,1.726839902714091934e+01,1.185090762700879630e+01,1.302251888341705843e+01,1.416807493870290990e+01,9.276943366274357672e+00,1.297518305987119902e+01,8.105889188393124556e+00,1.064720773034101953e+01,7.711397848099010410e+00,8.837511519160186069e+00,7.595223967989607416e+00,7.631990557175579504e+00
1.050652418527586285e+01,1.572682251779714413e+01,1.221065152957431899e+01,1.527439734489602685e+01,1.033058356810934519e+01,1.375377549202673855e+01,8.966829229208624241e+00,1.211297706592746870e+01,8.426130968280135747e+00,1.023260256451632877e+01,7.088630480978339143e+00,9.244183334042851641e+00,6.436151890047176138e+00
1.106935452698158784e+01,1.503819456287560996e+01,1.087787096926699881e+01,1.531015898735234160e+01,1.018702996594948651e+01,1.338352893687938483e+01,9.426829574505006804e+00,1.213750535725795032e+01,8.408951203924384998e+00,1.019821235586006303e+01,7.344696234894342979e+00,9.324186541277979856e+00,6.775689638661376080e+00
7.829720568284425752e+00,1.527798090801128161e+01,1.212637803673087511e+01,1.379735154973309008e+01,1.160943688634519511e+01,1.254606319014991200e+01,1.054116748617139976e+01,9.802966882520260938e+00,9.600456228447361795e+00,7.696575671320866618e+00,9.600671652710357051e+00,7.157728151174199027e+00,7.886944697898846002e+00
3.666714685609356650e+01,3.537337467388567358e+00,1.039927637559051199e+01,8.960458709841633507e+00,9.064368489118468375e+00,5.207971592296821051e+00,8.751420698000378806e+00,6.023814294909542788e+00,5.801197090897185049e+00,6.945416437377549101e+00,4.767217248104700822e+00,4.962303527184301899e+00,5.215060343767490281e+00
3.020542714441993581e+01,5.986053352349246737e+00,1.086258514519756169e+01,9.295768767461305870e+00,9.449567147649171162e+00,6.430745212556888468e+00,9.328150375090926261e+00,6.792704358591424629e+00,6.100266969291250341e+00,7.396474554302811200e+00,5.980236568747253401e+00,5.869877379865076961e+00,5.550606667392490756e+00
1.506622334805942032e+01,9.932956815161420039e+00,1.635798166495013461e+01,1.195367132948473632e+01,9.819095604033554636e+00,9.822043301571172336e+00,1.030726847336994112e+01,9.414141251717913050e+00,7.463470007094405112e+00,8.936122440094331765e+00,7.721542670136076758e+00,6.536614616231116948e+00,7.161156795287304533e+00
2.792506368828107099e+01,2.016145413306163903e+01,1.910880369622157460e+01,1.597229178593700816e+01,1.514098445973269058e+01,1.313346383929599526e+01,1.188125550520140017e+01,1.121907923412437924e+01,1.033281366881731067e+01,9.043509500059780493e+00,8.613910947204544755e+00,7.629652556011377484e+00,7.326300688842448672e+00
3.233701114375498520e+01,4.335075829727836449e+00,1.759960024226753461e+01,1.369751796607671501e+01,1.147534672773644537e+01,7.096046905526999460e+00,9.021671682283578519e+00,8.273616147353134664e+00,8.361510298090033544e+00,3.226129300088353524e+00,7.106311190394756672e+00,6.344156261625698789e+00,4.517996007553953142e+00
6.508884999611096589e+01,7.601073674975573624e+00,1.593914288989331318e+01,8.595546013659614459e+00,9.496153809297215531e+00,6.840799869494359697e+00,7.038168177713912677e+00,4.880514715303905682e+00,4.872151008132083128e+00,3.526470205751143006e+00,4.098987416449738852e+00,3.324876289908277993e+00,3.429359999767628064e+00
2.002342361479539079e+01,3.039735769982587321e+00,1.969445798670346193e+01,9.164766547892064352e+00,8.623356883783442228e+00,8.622465102798406278e+00,9.658516193578574160e+00,7.967960110642320792e+00,7.169750938473124613e+00,8.566213197847439176e+00,6.036658479578831837e+00,6.714852915955848545e+00,7.858014958793101634e+00
3.289446860248943505e+00,1.364030650279814338e+01,1.570128085590488887e+01,9.137115432666323755e+00,1.564422260950942878e+01,9.674093009536349541e+00,1.238741415762524944e+01,8.489015929514156511e+00,1.064277012252333954e+01,7.705872148013389378e+00,7.794248304709348929e+00,8.013016862617009295e+00,7.668299947465377464e+00
3.810685062675241142e+01,9.416773851640003912e+00,1.457304395526229612e+01,9.734021330141727546e+00,8.713299556515424982e+00,8.025984181379184790e+00,9.035008809870598512e+00,8.405667260468067781e+00,7.819947646221452331e+00,4.953260247279068551e+00,5.181011762142678556e+00,5.469716904491513709e+00,5.415408419178575627e+00
3.930336440568857626e+01,1.214473191121162010e+01,1.657908393571006300e+01,8.473615132967177388e+00,8.799478330626579137e+00,7.756597117364202099e+00,1.004809469832916768e+01,9.938133848227661105e+00,7.218766987599305907e+00,4.307752240048746017e+00,5.957039739912225684e+00,7.442386261641710909e+00,6.183628472019891298e+00
1.832078281586058210e+01,1.965958335486723385e+01,2.017239241326723942e+01,1.666496372614026811e+01,1.544848744643879890e+01,1.374393069288894331e+01,1.280267178672755968e+01,1.129313500461532449e+01,1.062553394698861808e+01,9.123101795797051494e+00,8.957526413522220565e+00,8.439336688648666041e+00,7.770419708320609686e+00
1.261734263919916721e+01,1.859794812343390547e+01,1.618379345447693041e+01,1.441322571717298828e+01,1.362090573132383753e+01,1.243450976972608224e+01,1.101115603858372438e+01,9.822505976237454917e+00,9.385232835211807512e+00,8.531900587969923677e+00,7.922675420453212602e+00,7.474975566176413899e+00,6.929715161705629178e+00
